"location_name","meal_type","item_name","dietary_traits","serving_size","calories","total_fat","saturated_fat","trans_fat","cholesterol","sodium","total_carbohydrate","dietary_fiber","total_sugars","protein","calcium","iron","potassium"
"Four Lakes Market","lunch","Sweet & Spicy Orange Chicken","wheat, soy, sesame","1 4 oz","206","9g","1.7g","0g","30mg","505mg","25g","0g","13g","6g","8mg","0.4mg","124mg"
"Four Lakes Market","lunch","Appetizer - Fried Pork Potstickers","wheat, soy, sesame","2 each","113","7g","1.6g","0g","7mg","177mg","10g","0g","0g","3g","14mg","0.3mg","57mg"
"Four Lakes Market","lunch","Vegetable Fried Potstickers","wheat, soy, sesame","3 each","247","17g","2g","0g","0mg","194mg","18g","1g","2g","4g","27mg","0.8mg","52mg"
"Four Lakes Market","lunch","Steamed Baby Spinach","","1 4 oz","28","0.5g","0.1g","0g","0mg","96mg","4g","3g","1g","3g","121mg","3.3mg","680mg"
"Four Lakes Market","lunch","Fried White Rice (Veg)","soy, sesame, corn","1 4 oz","155","4.6g","0.4g","0g","0mg","148mg","25g","2g","2g","3g","18mg","0.5mg","94mg"
"Four Lakes Market","lunch","Oyster Sauce Glazed Vegetables","soy, sesame, corn","1 4 oz","55","1.3g","0.2g","0g","0mg","290mg","8g","2g","3g","2g","44mg","0.5mg","271mg"
"Four Lakes Market","lunch","White Basmati Rice","","1 4 oz","148","0.3g","0.1g","0g","0mg","1mg","32g","1g","0g","3g","11mg","0.2mg","40mg"
"Four Lakes Market","lunch","Fired Up Condiment","corn","N/A","N/A","N/A","N/A","N/A","N/A","N/A","N/A","N/A","N/A","N/A","N/A","N/A","N/A"
"Four Lakes Market","lunch","Beyond Burger (VN)","wheat, soy, coconut","1 each","372","17g","5g","0g","0mg","663mg","33g","4g","3g","26g","141mg","5.1mg","426mg"
"Four Lakes Market","lunch","Grilled Turkey Bacon Club Sandwich","dairy, wheat, soy","1 0.5","317","13g","4.5g","0g","42mg","1067mg","37g","2g","1g","17g","113mg","2.1mg","189mg"
"Four Lakes Market","lunch","Potato Rounds","soy, corn","1 serving  3 oz","237","16g","2.3g","0g","0mg","438mg","22g","1g","0g","2g","10.2mg","0.6mg","310mg"
"Four Lakes Market","lunch","Buona Cucina Condiment","dairy, corn","N/A","N/A","N/A","N/A","N/A","N/A","N/A","N/A","N/A","N/A","N/A","N/A","N/A","N/A"
"Four Lakes Market","lunch","Italian Roasted Normandy Vegetables","","1 4 oz","46","2g","0.3g","0g","0mg","667mg","6g","2g","2g","1g","30mg","0mg","238mg"
"Four Lakes Market","lunch","Rotini","wheat","1 serving  5 oz","228","3g","0.1g","0g","0mg","537mg","41g","2g","2g","7g","0mg","1.8mg","0mg"
"Four Lakes Market","lunch","Whole Grain Rotini","wheat","1 serving  5 oz","307","5g","0.2g","0g","0mg","912mg","61g","1g","0g","6g","0mg","0mg","0mg"
"Four Lakes Market","lunch","Gluten Free Rotini (VN)","corn","1 aycte","222","1.2g","0g","0g","0mg","1871mg","51g","2g","0g","5g","0mg","0mg","90mg"
"Four Lakes Market","lunch","Cheese Tortellini","dairy, egg, wheat","1 serving  4 oz","245","7g","3.3g","0g","21mg","394mg","38g","3g","1g","10g","85.7mg","1.1mg","0mg"
"Four Lakes Market","lunch","Vegan Chorizo Crumbles","soy, corn","1 aycte","106","8g","1g","0g","0mg","404mg","6g","5g","0g","9g","67mg","1.9mg","279mg"
"Four Lakes Market","lunch","Italian Pork Sausage","corn","1 2 oz","202","17g","6g","0g","35mg","405mg","2g","0g","1g","9g","0mg","0.4mg","0mg"
"Four Lakes Market","lunch","Homestyle Marinara Sauce","corn","1 3 oz","42","1.2g","0.2g","0g","0mg","269mg","7g","2g","4g","1g","21mg","0.7mg","350mg"
"Four Lakes Market","lunch","Pesto Alfredo Sauce (no pine nuts)","dairy, corn","1 3 oz","170","14g","8g","0.1g","44mg","271mg","5g","0g","3g","4g","128mg","0.2mg","117mg"
"Four Lakes Market","lunch","Homemade Alfredo Sauce","dairy, corn","1 3 oz","159","13g","8g","0.1g","50mg","245mg","6g","0g","3g","4g","129mg","0mg","119mg"
"Four Lakes Market","lunch","BYO - MTO Breakfast Sandwich - Four Lake","dairy, egg, wheat","1 customer","183","12g","4.9g","0g","57mg","394mg","9g","1g","1g","10g","107mg","1mg","53mg"
"Four Lakes Market","lunch","Tuna Salad","egg, soy, fish","1 serving","204","17g","2.2g","0g","23mg","296mg","2g","0g","2g","11g","8mg","0.6mg","41mg"
"Four Lakes Market","lunch","Tortilla - Whole Wheat (12"") (VN)","wheat, corn","1 1 each","307","9g","4g","0g","0mg","456mg","49g","6g","4g","7g","126mg","2mg","104mg"
"Four Lakes Market","lunch","Flour Tortilla","wheat, corn","1 1 each","521","16g","8g","0g","0mg","1042mg","89g","3g","3g","16g","219mg","5.2mg","135mg"
"Four Lakes Market","lunch","Oven Roasted Turkey","corn","1 slice","17","0.2g","0g","0g","8mg","219mg","0g","0g","0g","4g","0mg","0.1mg","64mg"
"Four Lakes Market","lunch","Roast Beef","corn","1 slice","13","0.5g","0.3g","0g","6mg","106mg","0g","0g","0g","2g","0mg","0.3mg","0mg"
"Four Lakes Market","lunch","Smoked Ham","corn","1 slice","15","0.5g","0.3g","0g","6mg","170mg","1g","0g","1g","2g","0mg","0mg","23mg"
"Four Lakes Market","lunch","Oven Roasted Tofurky Deli Slices","wheat, soy, corn","1 slice","20","0.7g","0g","0g","0mg","70mg","1g","0g","0g","3g","8mg","0.2mg","56mg"
"Four Lakes Market","lunch","Pork & Beef Hard Salami","corn","1 slice","30","2.5g","1g","0g","6mg","121mg","0g","0g","0g","1g","0mg","0.1mg","0mg"
"Four Lakes Market","lunch","Bacon","","1 slice","51","4.5g","1.6g","0g","13mg","160mg","0g","0g","0g","3g","0mg","0mg","0mg"
"Four Lakes Market","lunch","Tortilla - Spinach Herb (12"") (VN)","wheat, soy, corn","1 1 each","287","6g","2.3g","0g","0mg","593mg","48g","2g","0g","7g","222mg","3.3mg","0mg"
"Four Lakes Market","lunch","French Hearth Roll","wheat, soy, corn","1 1 each","167","1.5g","0g","0g","0mg","393mg","31g","1g","1g","7g","49mg","2mg","88mg"
"Four Lakes Market","lunch","Croissant","dairy, egg, wheat","1 1 each","150","7g","4g","0g","20mg","150mg","19g","1g","2g","3g","0mg","1mg","0mg"
"Four Lakes Market","lunch","Multigrain Bread","wheat, soy, corn","1 2 slice","200","2g","0g","0g","0mg","360mg","42g","4g","4g","6g","20mg","2.4mg","140mg"
"Four Lakes Market","lunch","Gluten Free White Bread","corn","1 2 slice","169","4g","0g","0g","0mg","269mg","36g","4g","5g","1g","14mg","0mg","31mg"
"Four Lakes Market","lunch","Gluten Free Multigrain Bread","corn","1 2 slice","169","3.5g","0g","0g","0mg","249mg","35g","4g","5g","1g","18mg","1mg","33mg"
"Four Lakes Market","lunch","Ruffle Potato Chips","corn","1 0.25 cup","324","20g","3g","0g","0mg","304mg","30g","2g","2g","4g","16mg","2mg","709mg"
"Four Lakes Market","lunch","Homemade Hummus","sesame","1 Tbsp","30","2.4g","0.3g","0g","0mg","63mg","2g","1g","0g","1g","4mg","0.2mg","15mg"
"Four Lakes Market","lunch","Pepper Jack Cheese","dairy","1 1 slice","75","6g","3g","0g","19mg","120mg","0g","0g","0g","5g","147mg","0.1mg","0mg"
"Four Lakes Market","lunch","Provolone Cheese","dairy","1 1 slice","50","5g","3g","0g","10mg","135mg","0g","0g","0g","4g","0mg","0mg","0mg"
"Four Lakes Market","lunch","Cheddar Cheese","dairy","1 slice","82","7g","3.8g","0g","22mg","135mg","0g","0g","0g","5g","149mg","0.1mg","0mg"
"Four Lakes Market","lunch","Vegan Smoked Gouda","coconut, corn","1 1 slice","60","4.5g","4g","0g","0mg","180mg","4g","0g","0g","0g","0mg","0mg","0mg"
"Four Lakes Market","lunch","Spinach","","1 0.5 cup","13","0.2g","0g","0g","0mg","45mg","2g","1g","0g","2g","56mg","1.5mg","316mg"
"Four Lakes Market","lunch","Sliced Tomato","","1 1 slice","3","0g","0g","0g","0mg","1mg","1g","0g","1g","0g","2mg","0.1mg","45mg"
"Four Lakes Market","lunch","Pickle Chips","corn","1 0.25 cup","0","0g","0g","0g","0mg","648mg","0g","0g","0g","0g","0mg","0mg","0mg"
"Four Lakes Market","lunch","Banana Peppers","corn","1 Tbsp","1","0g","0g","0g","0mg","81mg","0g","0g","0g","0g","0mg","0mg","0mg"
"Four Lakes Market","lunch","Sliced Red Onion","","1 0.25 cup","9","0g","0g","0g","0mg","1mg","2g","0g","1g","0g","5mg","0mg","31mg"
"Four Lakes Market","lunch","Iceberg Lettuce","","1 0.25 cup","8","0.1g","0g","0g","0mg","6mg","2g","1g","1g","1g","10mg","0.2mg","80mg"
"Four Lakes Market","lunch","Avocado","","1 0.125 cup","57","6g","0.9g","0g","0mg","0mg","2g","2g","0g","1g","6mg","0.6mg","213mg"
"Four Lakes Market","lunch","Chipotle Mayonnaise","dairy, egg, soy","1 Tbsp","56","4.1g","1g","0g","3mg","121mg","4g","0g","3g","0g","0mg","0mg","0mg"
"Four Lakes Market","lunch","Dijon Mustard","corn","1 Tbsp","30","0g","0g","0g","0mg","720mg","8g","0g","0g","0g","0mg","0mg","0mg"
"Four Lakes Market","lunch","Heinz Yellow Mustard 14 oz","","N/A","N/A","N/A","N/A","N/A","N/A","N/A","N/A","N/A","N/A","N/A","N/A","N/A","N/A"
"Four Lakes Market","lunch","Mayonnaise","egg, soy, corn","1 Tbsp","101","11g","1.5g","0g","10mg","96mg","0g","0g","0g","0g","0mg","0mg","0mg"
"Four Lakes Market","lunch","Pesto Mayonnaise (pine nut free)","dairy, egg, soy","1 Tbsp","92","10g","1.3g","0g","9mg","95mg","0g","0g","0g","0g","3mg","0mg","2mg"
"Four Lakes Market","lunch","Vegetable Coconut Curry w/Rice","coconut, corn","1 10 oz","579","25g","9g","0g","0mg","498mg","76g","9g","9g","12g","111mg","3.6mg","1132mg"
"Four Lakes Market","lunch","Curry Potatoes","","1 4 oz","117","5g","0.4g","0g","0mg","300mg","16g","2g","2g","2g","13mg","0.7mg","424mg"
"Four Lakes Market","lunch","Samosas","wheat, soy, corn","1 1 each","159","9g","1g","0g","1mg","250mg","16g","2g","1g","3g","13.9mg","0.5mg","86mg"
"Four Lakes Market","lunch","White Basmati Rice","","1 4 oz","148","0.3g","0.1g","0g","0mg","1mg","32g","1g","0g","3g","11mg","0.2mg","40mg"
"Four Lakes Market","lunch","Build Your Own Thali Station","","N/A","N/A","N/A","N/A","N/A","N/A","N/A","N/A","N/A","N/A","N/A","N/A","N/A","N/A"
"Four Lakes Market","lunch","Station Recipe - Great Greens - FLM","dairy, egg, wheat","1 customer'","19","1.1g","0.3g","0g","5mg","49mg","1g","0g","0g","1g","4mg","0.1mg","20mg"
"Four Lakes Market","lunch","Tofu","soy","3 oz","90","4g","0g","0g","0mg","40mg","3g","1g","0g","8g","0mg","0mg","0mg"
"Four Lakes Market","lunch","Bulgar Wheat","wheat","2 oz","24","0.1g","0g","0g","0mg","2mg","5g","1g","0g","1g","4mg","0.3mg","20mg"
"Four Lakes Market","lunch","Black Beans","","1 4 oz","105","0.4g","0g","0g","0mg","396mg","20g","5g","1g","6g","52.5mg","1.6mg","0mg"
"Four Lakes Market","lunch","Dinner Roll","wheat, sesame","1 each1.9 oz","185","3.9g","0.8g","0g","2mg","278mg","31g","1g","3g","6g","106mg","2.2mg","83mg"
"Four Lakes Market","lunch","Chicken Noodle Soup","egg, wheat, corn","1 cup  12 oz","191","4.2g","0.4g","0g","61mg","1291mg","25g","2g","4g","13g","48mg","1.4mg","132mg"
"Four Lakes Market","lunch","Chipotle Sweet Potato Soup","sesame","1 serving","174","7g","1.2g","0g","0mg","683mg","25g","4g","9g","2g","49mg","1.2mg","270mg"
"Four Lakes Market","lunch","Watermelon Slices","","1 slice","34","0.2g","0g","0g","0mg","1mg","9g","1g","7g","1g","8mg","0.3mg","127mg"
"Four Lakes Market","lunch","Build Your Own Yogurt Bar","","N/A","N/A","N/A","N/A","N/A","N/A","N/A","N/A","N/A","N/A","N/A","N/A","N/A","N/A"
"Four Lakes Market","lunch","Build Your Own Salad","","N/A","N/A","N/A","N/A","N/A","N/A","N/A","N/A","N/A","N/A","N/A","N/A","N/A","N/A"
"Four Lakes Market","lunch","Popcake Pancake","dairy, egg, wheat","1 each","42","0.6g","0.3g","0g","9mg","31mg","8g","0g","3g","1g","81mg","0.4mg","0mg"
"Four Lakes Market","lunch","Snickerdoodle Cookie","dairy, egg, wheat","1 1.5 oz","178","8g","4.5g","0g","20mg","178mg","26g","0g","15g","2g","7mg","1mg","70mg"
"Four Lakes Market","lunch","Sugar Cookie","dairy, egg, wheat","1 1.5 oz","178","8g","3.5g","0g","10mg","188mg","26g","0g","14g","2g","6mg","1mg","22mg"
"Four Lakes Market","lunch","-Lemon Coconut Mini Cake","wheat, coconut, corn","1 each","263","9g","2.7g","0g","0mg","172mg","44g","1g","30g","2g","2mg","0.8mg","32mg"
"Four Lakes Market","lunch","-Chocolate Mousse w/ Oreo Crumbs","dairy, wheat, soy","1 each","176","13g","8g","0g","33mg","62mg","14g","0g","11g","1g","21mg","0.5mg","72mg"
"Four Lakes Market","lunch","California Roll (FujiSan)","egg, wheat, soy","3 pieces","140","3.5g","0g","0g","0mg","720mg","24g","1g","4g","4g","34mg","1mg","166mg"
"Four Lakes Market","lunch","Tempura Roll","egg, wheat, soy","1 pack","273","6g","0.8g","0g","8mg","867mg","48g","0g","N/A","5g","0mg","1.7mg","0mg"
"Four Lakes Market","lunch","Cucumber Avocado Roll (FujiSan)","wheat, soy, sesame","1 3 piece","108","2.5g","0g","0g","0mg","558mg","20g","2g","3g","3g","31mg","0.8mg","146mg"
"Liz's Market","lunch","Penne Arrabiata (Veg)","dairy, wheat, corn","1 8 oz","291","9g","1.2g","0g","15mg","600mg","39g","3g","7g","11g","150mg","1.2mg","547mg"
"Liz's Market","lunch","Chicken Parmesan Sandwich","dairy, wheat, soy","1 10.1 oz","670","29g","7g","0g","66mg","1859mg","68g","5g","5g","31g","160mg","4.9mg","605mg"
"Liz's Market","lunch","Chik'n Parmesan Sandwich (Vegan)","wheat, soy, coconut","1 10.1 oz","604","35g","8g","0g","0mg","1045mg","53g","8g","6g","23g","264mg","5.6mg","549mg"
"Liz's Market","lunch","Italian Barley (VN)","wheat, corn","1 4 oz","123","1.5g","0.2g","0g","0mg","463mg","25g","5g","2g","3g","19mg","0.8mg","168mg"
"Liz's Market","lunch","Yukon Gold Crinkle Fries","soy, corn","1 4 oz","201","11g","1.8g","0g","0mg","44mg","23g","1g","0g","1g","0mg","0.6mg","317mg"
"Liz's Market","lunch","Ice Cream","dairy, egg, wheat","1 customer'","13","0.7g","0.5g","0g","2mg","3mg","1g","0g","1g","0g","8mg","0mg","10mg"
"Liz's Market","lunch","Popcake Pancake","dairy, egg, wheat","1 each","42","0.6g","0.3g","0g","9mg","31mg","8g","0g","3g","1g","81mg","0.4mg","0mg"
"Liz's Market","lunch","Cookie Chocolate Chip","dairy, egg, wheat","1 1.5 oz","188","9g","4.9g","0g","10mg","124mg","26g","1g","16g","2g","9mg","1mg","62mg"
"Liz's Market","lunch","-Lemon Coconut Mini Cake","wheat, coconut, corn","1 each","263","9g","2.7g","0g","0mg","172mg","44g","1g","30g","2g","2mg","0.8mg","32mg"
"Liz's Market","lunch","-Chocolate Mousse w/ Oreo Crumbs","dairy, wheat, soy","1 each","176","13g","8g","0g","33mg","62mg","14g","0g","11g","1g","21mg","0.5mg","72mg"
"Liz's Market","lunch","Beef Stew w/ Buttermilk Biscuit","dairy, wheat, corn","1 11.6 oz","519","23g","12g","0g","73mg","1582mg","45g","2g","6g","30g","84mg","4.2mg","452mg"
"Liz's Market","lunch","Baked Corn Dog (Pork)","dairy, egg, wheat","1 serving","314","15g","4.1g","0g","35mg","516mg","32g","1g","10g","9g","30mg","1.6mg","294mg"
"Liz's Market","lunch","Plant-Based Beef Curry Squash","wheat, soy, corn","1 4 oz","100","3.4g","0.4g","0g","0mg","167mg","9g","1g","2g","10g","36mg","1.3mg","162mg"
"Liz's Market","lunch","Normandy Vegetable Blend","","1 4 oz","30","0g","0g","0g","0mg","24mg","6g","2g","2g","1g","31mg","0mg","250mg"
"Liz's Market","lunch","Blackened Green Beans","","1 4 oz","62","3.4g","0.3g","0g","0mg","144mg","9g","3g","3g","2g","40mg","1.2mg","224mg"
"Liz's Market","lunch","Pilaf Five Grain","wheat, corn","1 4 oz","96","2.2g","0.3g","0g","0mg","533mg","18g","3g","2g","3g","20mg","1.2mg","124mg"
"Liz's Market","lunch","Cilantro Lime White Rice","","0.25 cups","42","0g","0g","0g","0mg","42mg","9g","0g","0g","1g","6mg","0.4mg","6mg"
"Liz's Market","lunch","Tofu","soy","3 oz","90","4g","0g","0g","0mg","40mg","3g","1g","0g","8g","0mg","0mg","0mg"
"Liz's Market","lunch","Bulgar Wheat","wheat","2 oz","24","0.1g","0g","0g","0mg","2mg","5g","1g","0g","1g","4mg","0.3mg","20mg"
"Liz's Market","lunch","Waffle with Compote & Whip Cream","dairy, egg, wheat","1 11.6 oz","704","28g","16g","0g","77mg","1211mg","102g","1g","34g","7g","510mg","4.8mg","32mg"
"Liz's Market","lunch","Black Beans","","1 4 oz","105","0.4g","0g","0g","0mg","396mg","20g","5g","1g","6g","52.5mg","1.6mg","0mg"
"Liz's Market","lunch","Chicken Noodle Soup","egg, wheat, corn","1 cup  12 oz","191","4.2g","0.4g","0g","61mg","1291mg","25g","2g","4g","13g","48mg","1.4mg","132mg"
"Liz's Market","lunch","Chipotle Sweet Potato Soup","sesame","1 serving","174","7g","1.2g","0g","0mg","683mg","25g","4g","9g","2g","49mg","1.2mg","270mg"
"Liz's Market","lunch","Dinner Roll","wheat, sesame","1 each1.9 oz","185","3.9g","0.8g","0g","2mg","278mg","31g","1g","3g","6g","106mg","2.2mg","83mg"
"Liz's Market","lunch","Melon Watermelon Whole Sliced","","1 8 oz wedge","111","0.6g","0.1g","0g","0mg","4mg","28g","2g","23g","2g","26mg","0.9mg","413mg"
"Liz's Market","lunch","Build Your Own Yogurt Bar","","N/A","N/A","N/A","N/A","N/A","N/A","N/A","N/A","N/A","N/A","N/A","N/A","N/A","N/A"
"Liz's Market","lunch","Build Your Own Green Dragon Bowl","","N/A","N/A","N/A","N/A","N/A","N/A","N/A","N/A","N/A","N/A","N/A","N/A","N/A","N/A"
"Liz's Market","lunch","Build Your Own Salad","","N/A","N/A","N/A","N/A","N/A","N/A","N/A","N/A","N/A","N/A","N/A","N/A","N/A","N/A"
"Liz's Market","lunch","Tuna Salad","egg, soy, fish","1 serving","204","17g","2.2g","0g","23mg","296mg","2g","0g","2g","11g","8mg","0.6mg","41mg"
"Liz's Market","lunch","Tuna Salad","egg, soy, fish","1 serving","204","17g","2.2g","0g","23mg","296mg","2g","0g","2g","11g","8mg","0.6mg","41mg"
"Liz's Market","lunch","Build Your Own Sandwich","","N/A","N/A","N/A","N/A","N/A","N/A","N/A","N/A","N/A","N/A","N/A","N/A","N/A","N/A"
"Liz's Market","lunch","Build Your Own Sandwich","","N/A","N/A","N/A","N/A","N/A","N/A","N/A","N/A","N/A","N/A","N/A","N/A","N/A","N/A"
"Rheta's Market","lunch","Potato and Cheddar Pierogies","dairy, egg, wheat","1 serving","228","7g","3.1g","0g","23mg","444mg","33g","1g","2g","8g","119mg","1.6mg","251mg"
"Rheta's Market","lunch","Kielbasa with Pierogis","dairy, egg, wheat","1 serving","395","26g","8g","0g","56mg","1318mg","24g","2g","4g","13g","73mg","1mg","155mg"
"Rheta's Market","lunch","Grains Couscous Quinoa & Veg (Entree) VN","wheat, corn","1 aycte","188","4.4g","0g","0g","0mg","288mg","31g","4g","3g","5g","25mg","1.1mg","438mg"
"Rheta's Market","lunch","Sesame Spinach","soy, sesame, corn","1 4 oz","58","2.4g","0.3g","0g","0mg","968mg","6g","2g","2g","5g","96mg","2.6mg","542mg"
"Rheta's Market","lunch","Zucchini & Squash Saute","","1 4 oz","63","5g","0.8g","0g","0mg","5mg","4g","1g","3g","1g","17mg","0.4mg","282mg"
"Rheta's Market","lunch","Sesame Spinach","soy, sesame, corn","1 4 oz","68","2g","0.3g","0g","0mg","1025mg","6g","1g","3g","4g","64mg","1.2mg","256mg"
"Rheta's Market","lunch","Rosemary Roasted Red Potato Wedges (VN)","","1 4 oz","106","3.6g","0.5g","0g","0mg","197mg","17g","2g","1g","2g","11mg","0.8mg","496mg"
"Rheta's Market","lunch","Zucchini & Squash Saute","","1 4 oz","65","5g","0.8g","0g","0mg","3mg","4g","1g","1g","2g","19mg","0.6mg","389mg"
"Rheta's Market","lunch","Cheese Pizza Slice (Veg)","dairy, wheat, soy","1 slice","357","13g","8g","0g","31mg","947mg","43g","2g","3g","18g","226mg","2.6mg","120mg"
"Rheta's Market","lunch","Pizza Slice Sausage","dairy, wheat, soy","1 slice","388","16g","9g","0g","37mg","1038mg","44g","2g","3g","19g","231mg","2.8mg","150mg"
"Rheta's Market","lunch","Vegan Chick'n Parm Pizza","wheat, soy, corn","1 slice","113","4.3g","2.2g","0g","0mg","285mg","14g","1g","1g","5g","107mg","0.6mg","72mg"
"Rheta's Market","lunch","Pizza Slice BBQ Pulled Pork","dairy, egg, wheat","1 slice","478","19g","11g","0g","57mg","1361mg","52g","2g","11g","25g","226mg","3mg","193mg"
"Rheta's Market","lunch","Lemon Pepper Chicken Salad","egg, soy, corn","1 serving","245","23g","3g","0g","45mg","560mg","1g","0g","1g","8g","7mg","0.2mg","44mg"
"Rheta's Market","lunch","Build Your Own Sandwich","","N/A","N/A","N/A","N/A","N/A","N/A","N/A","N/A","N/A","N/A","N/A","N/A","N/A","N/A"
"Rheta's Market","lunch","Fired Up Condiment","corn","N/A","N/A","N/A","N/A","N/A","N/A","N/A","N/A","N/A","N/A","N/A","N/A","N/A","N/A"
"Rheta's Market","lunch","Carolina BBQ Pork Sandwich","dairy, egg, wheat","1 serving  9.5 oz","535","28g","13g","0g","126mg","1636mg","39g","2g","12g","30g","74.1mg","3mg","441mg"
"Rheta's Market","lunch","BBQ Jackfruit Sandwich","wheat, soy, corn","1 5.3 oz","206","1.5g","0g","0g","0mg","986mg","41g","12g","13g","6g","89mg","1.1mg","231mg"
"Rheta's Market","lunch","Seasoned Curly Fries","wheat, soy, corn","1 3 oz","189","11g","1.8g","0g","0mg","381mg","21g","1g","0g","1g","0mg","0.5mg","219mg"
"Rheta's Market","lunch","Green Bean Stir Fry","soy, corn","1 4 oz","45","0.5g","0.1g","0g","0mg","325mg","11g","2g","7g","1g","22mg","0.6mg","184mg"
"Rheta's Market","lunch","Chicken Teriyaki Stir Fry","wheat, soy, sesame","1 4 oz","415","10g","0.8g","0g","80mg","1169mg","45g","12g","4g","36g","75.8mg","3.6mg","950mg"
"Rheta's Market","lunch","White Basmati Rice","","1 4 oz","148","0.3g","0.1g","0g","0mg","1mg","32g","1g","0g","3g","11mg","0.2mg","40mg"
"Rheta's Market","lunch","Chicken Tinga","corn","1 2 oz","67","3g","1g","0g","34mg","256mg","2g","0g","1g","7g","0mg","0.3mg","189mg"
"Rheta's Market","lunch","Beef Barbacoa","","1 2 oz","88","4.7g","2g","0g","30mg","236mg","1g","1g","1g","11g","0mg","1.5mg","189mg"
"Rheta's Market","lunch","Plant Based Protein Chicken Taco Filling","wheat, soy, corn","1 2 oz","75","1.2g","0g","0g","0mg","132mg","2g","0g","1g","14g","0mg","1.2mg","150mg"
"Rheta's Market","lunch","Cilantro Lime White Rice","","0.25 cups","42","0g","0g","0g","0mg","41mg","9g","0g","0g","1g","5mg","0.4mg","4mg"
"Rheta's Market","lunch","Black Beans","corn","4 oz","89","0.8g","0g","0g","0mg","379mg","16g","3g","2g","4g","42mg","1.4mg","0mg"
"Rheta's Market","lunch","Beef Taco Meat","corn","1 2 oz","151","10g","3.8g","0g","37mg","313mg","3g","0g","0g","9g","0mg","1.1mg","1mg"
"Rheta's Market","lunch","Build Your Own Taco Bar","","N/A","N/A","N/A","N/A","N/A","N/A","N/A","N/A","N/A","N/A","N/A","N/A","N/A","N/A"
"Rheta's Market","lunch","Popcake Pancake","dairy, egg, wheat","1 each","42","0.6g","0.3g","0g","9mg","31mg","8g","0g","3g","1g","81mg","0.4mg","0mg"
"Rheta's Market","lunch","Snickerdoodle Cookie","dairy, egg, wheat","1 1.5 oz","178","8g","4.5g","0g","20mg","178mg","26g","0g","15g","2g","7mg","1mg","70mg"
"Rheta's Market","lunch","Sugar Cookie","dairy, egg, wheat","1 1.5 oz","178","8g","3.5g","0g","10mg","188mg","26g","0g","14g","2g","6mg","1mg","22mg"
"Rheta's Market","lunch","-Lemon Coconut Mini Cake","wheat, coconut, corn","1 each","263","9g","2.7g","0g","0mg","172mg","44g","1g","30g","2g","2mg","0.8mg","32mg"
"Rheta's Market","lunch","-Chocolate Mousse w/ Oreo Crumbs","dairy, wheat, soy","1 each","176","13g","8g","0g","33mg","62mg","14g","0g","11g","1g","21mg","0.5mg","72mg"
"Rheta's Market","lunch","Great Greens","dairy, egg, wheat","1 customer'","19","1.1g","0.3g","0g","5mg","49mg","1g","0g","0g","1g","4mg","0.1mg","20mg"
"Rheta's Market","lunch","Tofu","soy","3 oz","90","4g","0g","0g","0mg","40mg","3g","1g","0g","8g","0mg","0mg","0mg"
"Rheta's Market","lunch","Bulgar Wheat","wheat","2 oz","24","0.1g","0g","0g","0mg","2mg","5g","1g","0g","1g","4mg","0.3mg","20mg"
"Rheta's Market","lunch","Black Beans","","1 4 oz","105","0.4g","0g","0g","0mg","396mg","20g","5g","1g","6g","52.5mg","1.6mg","0mg"
"Rheta's Market","lunch","Dinner Roll","wheat, sesame","1 each1.9 oz","185","3.9g","0.8g","0g","2mg","278mg","31g","1g","3g","6g","106mg","2.2mg","83mg"
"Rheta's Market","lunch","Chicken Noodle Soup","egg, wheat, corn","1 cup  12 oz","191","4.2g","0.4g","0g","61mg","1291mg","25g","2g","4g","13g","48mg","1.4mg","132mg"
"Rheta's Market","lunch","Chipotle Sweet Potato Soup","sesame","1 serving","174","7g","1.2g","0g","0mg","683mg","25g","4g","9g","2g","49mg","1.2mg","270mg"
"Rheta's Market","lunch","Fresh Fruit Salad","","0.5 cups","0","0g","0g","0g","0mg","0mg","0g","0g","0g","0g","0mg","0mg","0mg"
"Rheta's Market","lunch","Great Greens","dairy, egg, wheat","1 customer'","19","1.1g","0.3g","0g","5mg","49mg","1g","0g","0g","1g","4mg","0.1mg","20mg"
"Rheta's Market","lunch","Tofu","soy","3 oz","90","4g","0g","0g","0mg","40mg","3g","1g","0g","8g","0mg","0mg","0mg"
"Rheta's Market","lunch","Bulgar Wheat","wheat","2 oz","24","0.1g","0g","0g","0mg","2mg","5g","1g","0g","1g","4mg","0.3mg","20mg"
"Rheta's Market","lunch","Black Beans","","1 4 oz","105","0.4g","0g","0g","0mg","396mg","20g","5g","1g","6g","52.5mg","1.6mg","0mg"
"Rheta's Market","lunch","Dinner Roll","wheat, sesame","1 each1.9 oz","185","3.9g","0.8g","0g","2mg","278mg","31g","1g","3g","6g","106mg","2.2mg","83mg"
"Rheta's Market","lunch","Chicken Noodle Soup","egg, wheat, corn","1 cup  12 oz","191","4.2g","0.4g","0g","61mg","1291mg","25g","2g","4g","13g","48mg","1.4mg","132mg"
"Rheta's Market","lunch","Chipotle Sweet Potato Soup","sesame","1 serving","174","7g","1.2g","0g","0mg","683mg","25g","4g","9g","2g","49mg","1.2mg","270mg"
"Rheta's Market","lunch","Fresh Fruit Salad","","0.5 cups","0","0g","0g","0g","0mg","0mg","0g","0g","0g","0g","0mg","0mg","0mg"
"Rheta's Market","lunch","Build Your Own Yogurt Bar","","N/A","N/A","N/A","N/A","N/A","N/A","N/A","N/A","N/A","N/A","N/A","N/A","N/A","N/A"
"Rheta's Market","lunch","Build Your Own Salad","","N/A","N/A","N/A","N/A","N/A","N/A","N/A","N/A","N/A","N/A","N/A","N/A","N/A","N/A"
"Rheta's Market","lunch","Build Your Own Yogurt Bar","","N/A","N/A","N/A","N/A","N/A","N/A","N/A","N/A","N/A","N/A","N/A","N/A","N/A","N/A"
"Rheta's Market","lunch","Build Your Own Salad","","N/A","N/A","N/A","N/A","N/A","N/A","N/A","N/A","N/A","N/A","N/A","N/A","N/A","N/A"
"Rheta's Market","lunch","Buona Cucina Condiment","dairy, corn","N/A","N/A","N/A","N/A","N/A","N/A","N/A","N/A","N/A","N/A","N/A","N/A","N/A","N/A"
"Rheta's Market","lunch","Cellentani Pasta","wheat","1 5 oz","422","3.6g","0.1g","0g","0mg","29mg","90g","2g","0g","8g","0mg","0mg","0mg"
"Rheta's Market","lunch","Whole Grain Penne","wheat","1 5 oz","305","4.6g","0.2g","0g","0mg","51mg","62g","1g","0g","6g","0mg","0mg","0mg"
"Rheta's Market","lunch","Gluten Free Rotini","corn","1 6 oz","222","1.2g","0g","0g","0mg","1871mg","51g","2g","0g","5g","0mg","0mg","90mg"
"Rheta's Market","lunch","Zucchini Noodles","","1 6 oz","26","0g","0g","0g","0mg","17mg","5g","2g","3g","2g","27mg","0.6mg","0mg"
"Rheta's Market","lunch","Veggie Meatballs","wheat, soy, corn","1 2","151","7g","0.5g","0g","0mg","383mg","9g","3g","1g","14g","60mg","1.8mg","232mg"
"Rheta's Market","lunch","Italian Pork Sausage","corn","1 3 oz","304","26g","9g","0g","53mg","608mg","3g","0g","2g","14g","0mg","0.6mg","0mg"
"Rheta's Market","lunch","Spinach & Cheese Tortellini","dairy, egg, wheat","1 4 oz","257","7g","2.8g","0g","27mg","407mg","40g","2g","2g","10g","107mg","1.7mg","182mg"
"Rheta's Market","lunch","Homestyle Marinara Sauce","corn","1 3 oz","42","1.2g","0.2g","0g","0mg","269mg","7g","2g","4g","1g","21mg","0.7mg","350mg"
"Rheta's Market","lunch","Homemade Alfredo Sauce","dairy, corn","1 3 oz","159","13g","8g","0.1g","50mg","245mg","6g","0g","3g","4g","129mg","0mg","119mg"
"Rheta's Market","lunch","Putenesca Sauce","corn","1 3 oz","49","2.1g","0.4g","0g","0mg","343mg","7g","2g","3g","1g","17mg","0.8mg","292mg"
"Rheta's Market","lunch","Sister Schubert Dinner Roll","dairy, egg, wheat","1 each","180","4g","1g","0g","10mg","240mg","23g","1g","4g","3g","0mg","1mg","0mg"
"Rheta's Market","lunch","Roasted Italian Vegetables","","1 4 oz","46","2.3g","0.3g","0g","0mg","691mg","6g","2g","3g","2g","17mg","0.5mg","309mg"
"Lowell Market","lunch","Butter Chicken","dairy","1 4 oz","153","10g","2.8g","0g","58mg","253mg","4g","1g","2g","12g","23.7mg","0.9mg","29mg"
"Lowell Market","lunch","Tofu & Vegetable Tikka Masala","soy, coconut, corn","1 5 oz","114","4.2g","1.6g","0g","0mg","229mg","9g","2g","4g","5g","21.9mg","1mg","190mg"
"Lowell Market","lunch","Long Grain Rice (VN)","","1 4 oz","148","0.3g","0.1g","0g","0mg","1mg","32g","1g","0g","3g","11mg","0.2mg","40mg"
"Lowell Market","lunch","Samosas","wheat, soy, corn","1 1 each","159","9g","1g","0g","1mg","250mg","16g","2g","1g","3g","13.9mg","0.5mg","86mg"
"Lowell Market","lunch","Stonefire Naan Bread","dairy, egg, wheat","1 each","134","3.1g","0.4g","0g","4mg","385mg","22g","1g","2g","4g","39mg","0.9mg","44mg"
"Lowell Market","lunch","Tamarind Chutney","","1 0.25 cup","121","0g","0g","0g","0mg","223mg","34g","0g","32g","0g","0mg","0.7mg","0mg"
"Lowell Market","lunch","Popcake Pancake","dairy, egg, wheat","1 each","42","0.6g","0.3g","0g","9mg","31mg","8g","0g","3g","1g","81mg","0.4mg","0mg"
"Lowell Market","lunch","Snickerdoodle Cookie","dairy, egg, wheat","1 1.5 oz","178","8g","4.5g","0g","20mg","178mg","26g","0g","15g","2g","7mg","1mg","70mg"
"Lowell Market","lunch","-Lemon Coconut Mini Cake","wheat, coconut, corn","1 each","263","9g","2.7g","0g","0mg","172mg","44g","1g","30g","2g","2mg","0.8mg","32mg"
"Lowell Market","lunch","-Chocolate Mousse w/ Oreo Crumbs","dairy, wheat, soy","1 each","176","13g","8g","0g","33mg","62mg","14g","0g","11g","1g","21mg","0.5mg","72mg"
"Lowell Market","lunch","Banana Bread (VN)","wheat, corn","1 each","190","7g","0.5g","0g","0mg","176mg","31g","1g","15g","2g","4mg","0.9mg","77mg"
"Lowell Market","lunch","Station Recipe - Deli Lowell AYCTE","dairy, egg, wheat","1 customer","74","3.7g","1.3g","0g","9mg","226mg","7g","1g","1g","3g","32mg","0.4mg","39mg"
"Lowell Market","lunch","Build Your Own Sandwich","","N/A","N/A","N/A","N/A","N/A","N/A","N/A","N/A","N/A","N/A","N/A","N/A","N/A","N/A"
"Lowell Market","lunch","Great Greens","dairy, egg, wheat","1 customer'","19","1.1g","0.3g","0g","5mg","49mg","1g","0g","0g","1g","4mg","0.1mg","20mg"
"Lowell Market","lunch","Tofu","soy","3 oz","90","4g","0g","0g","0mg","40mg","3g","1g","0g","8g","0mg","0mg","0mg"
"Lowell Market","lunch","Bulgar Wheat","wheat","2 oz","24","0.1g","0g","0g","0mg","2mg","5g","1g","0g","1g","4mg","0.3mg","20mg"
"Lowell Market","lunch","Black Beans","","1 4 oz","105","0.4g","0g","0g","0mg","396mg","20g","5g","1g","6g","52.5mg","1.6mg","0mg"
"Lowell Market","lunch","Chicken Noodle Soup","egg, wheat, corn","1 cup  12 oz","191","4.2g","0.4g","0g","61mg","1291mg","25g","2g","4g","13g","48mg","1.4mg","132mg"
"Lowell Market","lunch","Chipotle Sweet Potato Soup","sesame","1 serving","174","7g","1.2g","0g","0mg","683mg","25g","4g","9g","2g","49mg","1.2mg","270mg"
"Lowell Market","lunch","Fresh Fruit Salad","","0.5 cups","0","0g","0g","0g","0mg","0mg","0g","0g","0g","0g","0mg","0mg","0mg"
"Lowell Market","lunch","Build Your Own Yogurt Bar","","N/A","N/A","N/A","N/A","N/A","N/A","N/A","N/A","N/A","N/A","N/A","N/A","N/A","N/A"
"Lowell Market","lunch","Build Your Own Salad","","N/A","N/A","N/A","N/A","N/A","N/A","N/A","N/A","N/A","N/A","N/A","N/A","N/A","N/A"
"Lowell Market","lunch","Sumac Chicken","dairy, egg, wheat","1 serving","113","6g","1.3g","0g","32mg","281mg","7g","1g","1g","7g","14mg","0.3mg","42mg"
"Lowell Market","lunch","Steamed Baby Spinach","","1 4 oz","28","0.5g","0.1g","0g","0mg","96mg","4g","3g","1g","3g","121mg","3.3mg","680mg"
"Lowell Market","lunch","Glazed Baby Carrots","soy, corn","1 4 oz","122","5g","1.7g","0g","0mg","401mg","18g","3g","14g","1g","30mg","0.5mg","229mg"
"Lowell Market","lunch","Garlic Ginger Coconut Rice","coconut, corn","1 4 oz","195","5g","2.6g","0g","0mg","115mg","33g","1g","1g","3g","21mg","0.4mg","41mg"
"Lowell Market","lunch","Sweet Potato Noodles","","1 serving  6 oz","153","0g","0g","0g","0mg","94mg","34g","5g","7g","3g","51mg","1mg","0mg"
